{"stats":{"minecraft:crafted":{"minecraft:crafting_table":1,"minecraft:spruce_planks":20,"minecraft:stick":4,"minecraft:wooden_pickaxe":1,"minecraft:stone_pickaxe":1},"minecraft:mined":{"minecraft:spruce_leaves":1,"minecraft:spruce_log":5,"minecraft:stone":3},"minecraft:used":{"minecraft:crafting_table":1,"alexsmobs:animal_dictionary":1,"minecraft:wooden_pickaxe":3},"minecraft:custom":{"minecraft:time_since_rest":5004,"minecraft:crouch_one_cm":451,"minecraft:play_time":5004,"minecraft:sprint_one_cm":2047,"minecraft:damage_taken":40,"minecraft:walk_one_cm":7952,"minecraft:sneak_time":150,"minecraft:jump":79,"minecraft:damage_dealt":15,"minecraft:time_since_death":5004,"minecraft:total_world_time":5004,"minecraft:interact_with_crafting_table":3,"minecraft:fall_one_cm":2275,"minecraft:fly_one_cm":2962},"minecraft:picked_up":{"minecraft:spruce_log":5,"minecraft:dark_oak_log":1,"minecraft:cobblestone":3}},"DataVersion":3465}