{"stats":{"minecraft:dropped":{"minecraft:dirt":1},"minecraft:picked_up":{"minecraft:dirt":2},"minecraft:mined":{"minecraft:grass_block":1},"minecraft:custom":{"minecraft:jump":72,"minecraft:time_since_rest":28438,"minecraft:crouch_one_cm":153,"minecraft:leave_game":1,"minecraft:play_time":28438,"minecraft:sprint_one_cm":7130,"minecraft:walk_on_water_one_cm":107,"minecraft:time_since_death":28438,"minecraft:walk_one_cm":1963,"minecraft:sneak_time":37,"minecraft:total_world_time":28438,"minecraft:fall_one_cm":1521,"minecraft:drop":1,"minecraft:fly_one_cm":59785}},"DataVersion":3465}