{"stats":{"minecraft:dropped":{"minecraft:dirt":1},"minecraft:picked_up":{"minecraft:dirt":2},"minecraft:mined":{"minecraft:grass_block":1},"minecraft:custom":{"minecraft:jump":53,"minecraft:time_since_rest":16438,"minecraft:crouch_one_cm":46,"minecraft:leave_game":1,"minecraft:play_time":16438,"minecraft:sprint_one_cm":5375,"minecraft:walk_on_water_one_cm":107,"minecraft:time_since_death":16438,"minecraft:walk_one_cm":1589,"minecraft:sneak_time":17,"minecraft:total_world_time":16438,"minecraft:fall_one_cm":1521,"minecraft:drop":1,"minecraft:fly_one_cm":52927}},"DataVersion":3465}