{"stats":{"minecraft:dropped":{"minecraft:dirt":1},"minecraft:picked_up":{"minecraft:dirt":2},"minecraft:mined":{"minecraft:grass_block":1},"minecraft:custom":{"minecraft:jump":93,"minecraft:time_since_rest":40530,"minecraft:crouch_one_cm":156,"minecraft:leave_game":2,"minecraft:play_time":40530,"minecraft:sprint_one_cm":8582,"minecraft:walk_on_water_one_cm":107,"minecraft:time_since_death":40530,"minecraft:walk_one_cm":3281,"minecraft:sneak_time":67,"minecraft:total_world_time":40530,"minecraft:fall_one_cm":1521,"minecraft:drop":1,"minecraft:fly_one_cm":75630},"minecraft:used":{"minecraft:grass_block":1}},"DataVersion":3465}