{"stats":{"minecraft:custom":{"minecraft:jump":132,"minecraft:time_since_rest":12718,"minecraft:damage_dealt":128,"minecraft:damage_taken":130,"minecraft:crouch_one_cm":247,"minecraft:leave_game":3,"minecraft:play_time":12718,"minecraft:sprint_one_cm":17549,"minecraft:time_since_death":12718,"minecraft:walk_on_water_one_cm":239,"minecraft:walk_one_cm":14646,"minecraft:sneak_time":108,"minecraft:total_world_time":12718,"minecraft:walk_under_water_one_cm":80,"minecraft:swim_one_cm":652,"minecraft:fall_one_cm":3377,"minecraft:fly_one_cm":42594},"minecraft:used":{"minecraft:dirt":1},"minecraft:mined":{"minecraft:grass_block":1,"minecraft:grass":1,"biomesoplenty:reed":1},"minecraft:picked_up":{"minecraft:wheat_seeds":1,"minecraft:dirt":1}},"DataVersion":3465}