{"stats":{"minecraft:custom":{"minecraft:jump":55,"minecraft:time_since_rest":6257,"minecraft:walk_on_water_one_cm":11,"minecraft:damage_dealt":98,"minecraft:crouch_one_cm":236,"minecraft:leave_game":2,"minecraft:play_time":6257,"minecraft:sprint_one_cm":7715,"minecraft:damage_taken":120,"minecraft:time_since_death":6257,"minecraft:walk_one_cm":10993,"minecraft:sneak_time":101,"minecraft:total_world_time":6257,"minecraft:fall_one_cm":2425,"minecraft:fly_one_cm":12404},"minecraft:mined":{"minecraft:grass":1}},"DataVersion":3465}