{"stats":{"minecraft:crafted":{"minecraft:crafting_table":1,"minecraft:spruce_planks":16,"minecraft:stick":8,"minecraft:wooden_pickaxe":1},"minecraft:mined":{"minecraft:grass":6,"minecraft:grass_block":2,"minecraft:stone":3,"minecraft:spruce_log":4,"minecraft:dark_oak_log":1},"minecraft:used":{"minecraft:dirt":1,"farmersdelight:dog_food":3,"alexsmobs:animal_dictionary":2,"minecraft:wooden_pickaxe":3,"minecraft:cooked_beef":3},"minecraft:custom":{"minecraft:time_since_rest":30975,"minecraft:crouch_one_cm":926,"minecraft:sprint_one_cm":23928,"minecraft:play_time":30975,"minecraft:damage_taken":238,"minecraft:walk_one_cm":41747,"minecraft:sneak_time":180,"minecraft:drop":2,"minecraft:jump":335,"minecraft:damage_dealt":90,"minecraft:leave_game":7,"minecraft:time_since_death":30975,"minecraft:total_world_time":30975,"minecraft:interact_with_crafting_table":3,"minecraft:talked_to_villager":1,"minecraft:fall_one_cm":7587,"minecraft:fly_one_cm":56822},"minecraft:dropped":{"minecraft:wheat_seeds":2},"minecraft:picked_up":{"minecraft:wheat_seeds":2,"minecraft:spruce_log":4,"minecraft:dirt":2,"minecraft:cobblestone":3}},"DataVersion":3465}