{"stats":{"minecraft:used":{"alexsmobs:animal_dictionary":1},"minecraft:custom":{"minecraft:jump":49,"minecraft:time_since_rest":2013,"minecraft:leave_game":1,"minecraft:damage_dealt":80,"minecraft:crouch_one_cm":383,"minecraft:sprint_one_cm":4326,"minecraft:play_time":2013,"minecraft:damage_taken":73,"minecraft:time_since_death":2013,"minecraft:walk_one_cm":6864,"minecraft:sneak_time":81,"minecraft:total_world_time":2013,"minecraft:fall_one_cm":544,"minecraft:fly_one_cm":7682}},"DataVersion":3465}