{"stats":{"minecraft:custom":{"minecraft:jump":52,"minecraft:time_since_rest":4849,"minecraft:damage_dealt":80,"minecraft:crouch_one_cm":383,"minecraft:leave_game":2,"minecraft:play_time":4849,"minecraft:sprint_one_cm":4326,"minecraft:damage_taken":103,"minecraft:time_since_death":4849,"minecraft:walk_one_cm":9372,"minecraft:sneak_time":81,"minecraft:total_world_time":4849,"minecraft:fall_one_cm":544,"minecraft:fly_one_cm":7909},"minecraft:used":{"alexsmobs:animal_dictionary":1}},"DataVersion":3465}