{"stats":{"minecraft:mined":{"minecraft:grass":6,"minecraft:grass_block":1},"minecraft:used":{"alexsmobs:animal_dictionary":1,"minecraft:cooked_beef":3,"minecraft:dirt":1,"farmersdelight:dog_food":3},"minecraft:custom":{"minecraft:jump":227,"minecraft:time_since_rest":18975,"minecraft:damage_dealt":90,"minecraft:leave_game":7,"minecraft:crouch_one_cm":655,"minecraft:play_time":18975,"minecraft:sprint_one_cm":15351,"minecraft:damage_taken":213,"minecraft:time_since_death":18975,"minecraft:walk_one_cm":30192,"minecraft:sneak_time":115,"minecraft:total_world_time":18975,"minecraft:fall_one_cm":4982,"minecraft:drop":2,"minecraft:fly_one_cm":46519},"minecraft:dropped":{"minecraft:wheat_seeds":2},"minecraft:picked_up":{"minecraft:wheat_seeds":2,"minecraft:dirt":1}},"DataVersion":3465}